year,score
2014,0.37742947368421054
2015,0.5374266666666667
2016,0.30862755905511813
2017,0.46652514285714275
2018,0.4809748387096774
2019,0.48716800000000005
2020,-0.061333333333333274
