year,score
2014,0.394413627254509
2015,0.43451935483870957
2016,0.3701520255863542
2017,0.44919667221297843
2018,0.4486163802978233
2019,0.5332836411609502
2020,0.6222536585365854
