year,rp,sp,np,tp,nyp
2014,0.32631333333333334,0.3382077586206896,0.8524714285714287,0.5742499999999999,0.21512857142857142
2015,0.4979909090909091,0.5653333333333335,0.316125,0.4731647058823531,0.5080250000000001
2016,0.29949680851063837,0.4840216867469877,0.5595241379310347,0.26159791666666665,0.5520428571428572
2017,0.537872222222222,0.6033929447852763,0.6783283333333334,0.30864354838709673,0.4601380952380952
2018,0.5202514705882353,0.6100632286995517,0.6109937499999998,0.4978000000000002,0.6425333333333333
2019,0.5374000000000001,0.6979488888888888,0.5318055555555555,0.3690285714285713,0.72885
2020,0.8623714285714286,0.7562533333333334,0.6758500000000001,0.9643,0.8608
