year,score
2014,0.495870588235294
2015,0.5990066666666667
2016,0.22304712643678157
2017,0.48769931506849334
2018,0.4614875000000001
2019,0.4303071428571429
2020,0.6167333333333334
