year,score
2014,0.4587967741935485
2015,0.5223671641791046
2016,0.42020914760914785
2017,0.5343845679012348
2018,0.5357998062015505
2019,0.5393384615384617
2020,0.7969055555555555
