year,score
2014,0.5077076923076923
2015,0.559385
2016,0.22070263157894734
2017,0.6789350649350652
2018,0.4840572815533983
2019,0.46064400000000005
2020,0.9643
