year,asjc,acjc,cjc,dhs,ejc,hcjc,ijc,jpjc,nyjc,njc,rjc,sajc,sji,tmjc,tjc,vjc,yijc
2014,0.4710486772486774,0.4710486772486774,0.4710486772486774,0.4710486772486774,0.4710486772486774,0.4710486772486774,0.4710486772486774,0.4710486772486774,0.4710486772486774,0.4710486772486774,0.4710486772486774,0.4710486772486774,0.4710486772486774,0.4710486772486774,0.4710486772486774,0.4710486772486774,0.4710486772486774
2015,0.5381339285714287,0.5381339285714287,0.5381339285714287,0.5381339285714287,0.5381339285714287,0.5381339285714287,0.5381339285714287,0.5381339285714287,0.5381339285714287,0.5381339285714287,0.5381339285714287,0.5381339285714287,0.5381339285714287,0.5381339285714287,0.5381339285714287,0.5381339285714287,0.5381339285714287
2016,0.4406052511415527,0.4406052511415527,0.4406052511415527,0.4406052511415527,0.4406052511415527,0.4406052511415527,0.4406052511415527,0.4406052511415527,0.4406052511415527,0.4406052511415527,0.4406052511415527,0.4406052511415527,0.4406052511415527,0.4406052511415527,0.4406052511415527,0.4406052511415527,0.4406052511415527
2017,0.5199917808219182,0.5199917808219182,0.5199917808219182,0.5199917808219182,0.5199917808219182,0.5195280182232349,0.5199917808219182,0.5199917808219182,0.5199917808219182,0.5199917808219182,0.5199917808219182,0.5199917808219182,0.5199917808219182,0.5199917808219182,0.5199917808219182,0.5199917808219182,0.5199917808219182
2018,0.5485277136258665,0.5485277136258665,0.5485277136258665,0.5485277136258665,0.5485277136258665,0.5484746543778808,0.5485277136258665,0.5485277136258665,0.5485277136258665,0.5485277136258665,0.5485277136258665,0.5485277136258665,0.5485277136258665,0.5485277136258665,0.5483918552036204,0.5485277136258665,0.5485277136258665
2019,0.5567121052631578,0.5567121052631578,0.5567121052631578,0.5567121052631578,0.5567121052631578,0.5567121052631578,0.5567121052631578,0.5567121052631578,0.5567121052631578,0.5567121052631578,0.5567121052631578,0.5567121052631578,0.5567121052631578,0.5567121052631578,0.5567121052631578,0.5567121052631578,0.5567121052631578
2020,0.7969055555555555,0.7969055555555555,0.7969055555555555,0.7969055555555555,0.7969055555555555,0.7969055555555555,0.7969055555555555,0.7969055555555555,0.7969055555555555,0.7969055555555555,0.7969055555555555,0.7969055555555555,0.7969055555555555,0.7969055555555555,0.7969055555555555,0.7969055555555555,0.7969055555555555
