year,score
2014,0.4578
2015,0.0
2016,0.10397857142857143
2017,0.31556
2018,0.0
2019,0.0
2020,0.9643
