year,asjc,acjc,cjc,dhs,ejc,hcjc,ijc,jpjc,nyjc,njc,rjc,sajc,sji,tmjc,tjc,vjc,yijc
2014,0.009845454545454551,0.009845454545454551,0.009845454545454551,0.009845454545454551,0.009845454545454551,0.009845454545454551,0.009845454545454551,0.009845454545454551,0.009845454545454551,0.009845454545454551,0.009845454545454551,0.009845454545454551,0.009845454545454551,0.009845454545454551,0.009845454545454551,0.009845454545454551,0.009845454545454551
2015,0.6074,0.6074,0.6074,0.6074,0.6074,0.6074,0.6074,0.6074,0.6074,0.6074,0.6074,0.6074,0.6074,0.6074,0.6074,0.6074,0.6074
2016,0.4400064516129032,0.4400064516129032,0.4400064516129032,0.4400064516129032,0.4400064516129032,0.4400064516129032,0.4400064516129032,0.4400064516129032,0.4400064516129032,0.4400064516129032,0.4400064516129032,0.4400064516129032,0.4400064516129032,0.4400064516129032,0.4400064516129032,0.4400064516129032,0.4400064516129032
2017,0.4341137931034482,0.4341137931034482,0.4341137931034482,0.4341137931034482,0.4341137931034482,0.4341137931034482,0.4341137931034482,0.4341137931034482,0.4341137931034482,0.4341137931034482,0.4341137931034482,0.4341137931034482,0.4341137931034482,0.4341137931034482,0.4341137931034482,0.4341137931034482,0.4341137931034482
2018,0.4348041666666666,0.4348041666666666,0.4348041666666666,0.4348041666666666,0.4348041666666666,0.4348041666666666,0.4348041666666666,0.4348041666666666,0.4348041666666666,0.4348041666666666,0.4348041666666666,0.4348041666666666,0.4348041666666666,0.4348041666666666,0.4348041666666666,0.4348041666666666,0.4348041666666666
2019,-0.09056666666666667,-0.09056666666666667,-0.09056666666666667,-0.09056666666666667,-0.09056666666666667,-0.09056666666666667,-0.09056666666666667,-0.09056666666666667,-0.09056666666666667,-0.09056666666666667,-0.09056666666666667,-0.09056666666666667,-0.09056666666666667,-0.09056666666666667,-0.09056666666666667,-0.09056666666666667,-0.09056666666666667
2020,0.9643,0.9643,0.9643,0.9643,0.9643,0.9643,0.9643,0.9643,0.9643,0.9643,0.9643,0.9643,0.9643,0.9643,0.9643,0.9643,0.9643
