year,score
2014,0.10583571428571428
2015,0.6074
2016,0.33204285714285714
2017,0.4491766666666666
2018,0.4348041666666666
2019,-0.09056666666666667
2020,0.9643
