year,score
2014,0.39504297297297286
2015,0.4224728260869565
2016,0.42689107692307676
2017,0.4384840361445777
2018,0.48128886310904884
2019,0.4681679347826087
2020,0.7127037735849053
